Name,Email
Paul J. Davis,paul.joseph.davis@gmail.com
Kyle Snavely,kjsnavely@gmail.com
Nick Vatamaniuc,vatamane@apache.org
Nick Vatamaniuc,nickva@users.noreply.github.com
ILYA Khlopotov,iilyak@apache.org
iilyak,iilyak@users.noreply.github.com
Adam Kocoloski,kocolosk@apache.org
Joan Touzet,joant@atypical.net
Joan Touzet,wohali@users.noreply.github.com
Dave Cottlehuber,dch@skunkwerks.at
Dave Cottlehuber,dch@apache.org
Nick Vatamaniuc,vatamane@gmail.com
